{"minzoom":0,"maxzoom":8,"center":[28.828125,47.515052,8.0],"bounds":[26.616333,45.466312,30.163525,48.492065]}