{"minzoom":0,"maxzoom":9,"center":[28.476563,47.278691,9.0],"bounds":[26.616333,45.466312,30.163525,48.492065]}